{
  "images" : [
    {
      "filename" : "292821-3840x2160-desktop-4k-barcelona-city-background-photo.jpg",
      "idiom" : "universal",
      "scale" : "1x"
    },
    {
      "filename" : "292821-3840x2160-desktop-4k-barcelona-city-background-photo 1.jpg",
      "idiom" : "universal",
      "scale" : "2x"
    },
    {
      "filename" : "292821-3840x2160-desktop-4k-barcelona-city-background-photo 2.jpg",
      "idiom" : "universal",
      "scale" : "3x"
    }
  ],
  "info" : {
    "author" : "xcode",
    "version" : 1
  }
}
